Name,M,z range
SSAAPPPPPR$,1220.69881932951,2-5
LTILEELR$,1230.76583626017,2-5
IGDYAGIK#,1313.81170843419,2-5
GLILVGGYGTR$,1349.81418343492,2-5
NGFILDGFPR$,1379.7672332425,2-5
SAAGAFGPELSR$,1406.76287613805,2-5
HVLTSIGEK#,1460.91248510462,2-5
DIPVPKPK#,1606.0827131722,2-5
GISNEGQNASIK#,1694.97251916188,2-5
ELASGLSFPVGFK#,1829.08609236214,2-5
SSAAPPPPPR$,1220.69881932951,2-5
GILFVGSGVSGGEEGAR$,1835.98522449314,2-5
LTILEELR$,1230.76583626017,2-5
TASEFDSAIAQDK#,1860.00387885981,2-5
SFANQPLEVVYSK#,1959.12393442284,2-5
IGDYAGIK#,1313.81170843419,2-5
ELGQSGVDTYLQTK#,2016.13014200209,2-5
GLILVGGYGTR$,1349.81418343492,2-5
LSSEAPALFQFDLK#,2043.18144929896,2-5
NGFILDGFPR$,1379.7672332425,2-5
SAAGAFGPELSR$,1406.76287613805,2-5
HVLTSIGEK#,1460.91248510462,2-5
DIPVPKPK#,1606.0827131722,2-5
GISNEGQNASIK#,1694.97251916188,2-5
ELASGLSFPVGFK#,1829.08609236214,2-5
GILFVGSGVSGGEEGAR$,1835.98522449314,2-5
TASEFDSAIAQDK#,1860.00387885981,2-5
SFANQPLEVVYSK#,1959.12393442284,2-5
ELGQSGVDTYLQTK#,2016.13014200209,2-5
LSSEAPALFQFDLK#,2043.18144929896,2-5
